timestamp,temperature_c,power_w,power_limit_w,memory_used_mib,memory_total_mib,gpu_util_pct,memory_util_pct,sm_clock_mhz,memory_clock_mhz,pstate
2026/09/21 07:15:17.852, 53, 14.20, 170.00, 33, 12288, 0, 0, 210, 405, P8
2026/09/21 07:15:23.191, 53, 14.25, 170.00, 33, 12288, 0, 0, 210, 405, P8
2026/09/21 07:15:28.536, 65, 127.09, 170.00, 7399, 12288, 100, 24, 1830, 7301, P2
2026/09/21 07:15:33.876, 68, 126.79, 170.00, 7399, 12288, 100, 27, 1822, 7301, P2
2026/09/21 07:15:39.219, 71, 127.08, 170.00, 7399, 12288, 100, 27, 1822, 7301, P2
2026/09/21 07:15:44.555, 73, 129.96, 170.00, 7399, 12288, 100, 27, 1822, 7301, P2
2026/09/21 07:15:49.896, 74, 130.85, 170.00, 7399, 12288, 100, 26, 1815, 7301, P2
2026/09/21 07:15:55.238, 75, 133.70, 170.00, 7399, 12288, 100, 25, 1815, 7301, P2
2026/09/21 07:16:00.576, 76, 134.23, 170.00, 7399, 12288, 100, 27, 1815, 7301, P2
2026/09/21 07:16:05.910, 77, 133.91, 170.00, 7399, 12288, 100, 25, 1815, 7301, P2
2026/09/21 07:16:11.248, 77, 124.45, 170.00, 7399, 12288, 100, 24, 1815, 7301, P2
2026/09/21 07:16:16.609, 77, 125.52, 170.00, 7399, 12288, 100, 26, 1815, 7301, P2
2026/09/21 07:16:21.944, 74, 127.10, 170.00, 7399, 12288, 71, 19, 1815, 7301, P2
2026/09/21 07:16:27.292, 78, 133.93, 170.00, 7399, 12288, 100, 27, 1815, 7301, P2
2026/09/21 07:16:32.638, 77, 134.62, 170.00, 7399, 12288, 100, 25, 1815, 7301, P2
2026/09/21 07:16:37.973, 77, 134.36, 170.00, 7399, 12288, 100, 26, 1815, 7301, P2
2026/09/21 07:16:43.315, 78, 130.28, 170.00, 7399, 12288, 100, 24, 1815, 7301, P2
2026/09/21 07:16:48.663, 77, 131.38, 170.00, 7399, 12288, 100, 24, 1815, 7301, P2
2026/09/21 07:16:53.998, 77, 128.68, 170.00, 7399, 12288, 100, 27, 1815, 7301, P2
2026/09/21 07:16:59.348, 77, 125.51, 170.00, 7399, 12288, 99, 24, 1815, 7301, P2
2026/09/21 07:17:04.686, 76, 129.07, 170.00, 7399, 12288, 87, 22, 1815, 7301, P2
2026/09/21 07:17:10.042, 78, 132.31, 170.00, 7399, 12288, 100, 27, 1815, 7301, P2
2026/09/21 07:17:15.382, 77, 132.79, 170.00, 7399, 12288, 100, 27, 1815, 7301, P2
2026/09/21 07:17:20.731, 78, 135.23, 170.00, 7399, 12288, 100, 28, 1815, 7301, P2
2026/09/21 07:17:26.067, 78, 135.45, 170.00, 7399, 12288, 100, 24, 1815, 7301, P2
2026/09/21 07:17:31.406, 78, 134.75, 170.00, 7399, 12288, 100, 24, 1815, 7301, P2
2026/09/21 07:17:36.743, 77, 129.47, 170.00, 7399, 12288, 100, 28, 1815, 7301, P2
2026/09/21 07:17:42.084, 77, 125.41, 170.00, 7399, 12288, 100, 24, 1815, 7301, P2
2026/09/21 07:17:47.442, 75, 126.32, 170.00, 7399, 12288, 100, 26, 1815, 7301, P2
2026/09/21 07:17:52.772, 77, 130.78, 170.00, 7399, 12288, 100, 27, 1815, 7301, P2
2026/09/21 07:17:58.115, 78, 134.42, 170.00, 7399, 12288, 99, 25, 1815, 7301, P2
2026/09/21 07:18:03.469, 78, 134.69, 170.00, 7399, 12288, 99, 24, 1815, 7301, P2
2026/09/21 07:18:08.873, 78, 131.65, 170.00, 7399, 12288, 100, 24, 1800, 7301, P2
2026/09/21 07:18:14.224, 78, 127.70, 170.00, 7399, 12288, 100, 23, 1815, 7301, P2
2026/09/21 07:18:19.568, 78, 126.48, 170.00, 7399, 12288, 100, 23, 1815, 7301, P2
2026/09/21 07:18:24.912, 75, 129.08, 170.00, 7399, 12288, 97, 26, 1800, 7301, P2
2026/09/21 07:18:30.259, 78, 133.45, 170.00, 7399, 12288, 100, 26, 1800, 7301, P2
2026/09/21 07:18:35.595, 78, 134.97, 170.00, 7399, 12288, 100, 24, 1800, 7301, P2
2026/09/21 07:18:40.934, 78, 135.16, 170.00, 7399, 12288, 100, 24, 1800, 7301, P2
2026/09/21 07:18:46.294, 77, 128.34, 170.00, 7399, 12288, 100, 27, 1800, 7301, P2
2026/09/21 07:18:51.636, 78, 126.59, 170.00, 7399, 12288, 100, 25, 1800, 7301, P2
2026/09/21 07:18:57.022, 78, 126.29, 170.00, 7399, 12288, 100, 24, 1800, 7301, P2
2026/09/21 07:19:02.366, 78, 130.38, 170.00, 7399, 12288, 100, 26, 1815, 7301, P2
2026/09/21 07:19:07.711, 78, 132.45, 170.00, 7399, 12288, 100, 28, 1815, 7301, P2
2026/09/21 07:19:13.053, 78, 134.39, 170.00, 7399, 12288, 100, 27, 1800, 7301, P2
2026/09/21 07:19:18.402, 78, 135.53, 170.00, 7399, 12288, 100, 27, 1800, 7301, P2
2026/09/21 07:19:23.744, 78, 133.95, 170.00, 7399, 12288, 100, 23, 1800, 7301, P2
2026/09/21 07:19:29.120, 79, 129.80, 170.00, 7399, 12288, 100, 23, 1800, 7301, P2
2026/09/21 07:19:34.477, 78, 127.34, 170.00, 7399, 12288, 100, 26, 1800, 7301, P2
2026/09/21 07:19:39.820, 77, 125.17, 170.00, 7399, 12288, 100, 25, 1800, 7301, P2
2026/09/21 07:19:45.168, 78, 134.84, 170.00, 7399, 12288, 100, 27, 1800, 7301, P2
2026/09/21 07:19:50.514, 79, 135.24, 170.00, 7399, 12288, 100, 23, 1800, 7301, P2
2026/09/21 07:19:55.856, 78, 134.95, 170.00, 7399, 12288, 100, 27, 1800, 7301, P2
2026/09/21 07:20:01.199, 76, 125.00, 170.00, 7399, 12288, 78, 17, 1800, 7301, P2
2026/09/21 07:20:06.543, 78, 132.70, 170.00, 7399, 12288, 100, 27, 1800, 7301, P2
2026/09/21 07:20:11.889, 78, 134.73, 170.00, 7399, 12288, 100, 27, 1800, 7301, P2
2026/09/21 07:20:17.326, 78, 134.62, 170.00, 7399, 12288, 100, 23, 1800, 7301, P2
2026/09/21 07:20:22.662, 78, 134.74, 170.00, 7399, 12288, 100, 24, 1800, 7301, P2
2026/09/21 07:20:28.006, 78, 135.29, 170.00, 7399, 12288, 100, 25, 1800, 7301, P2
2026/09/21 07:20:33.348, 78, 128.45, 170.00, 7399, 12288, 100, 24, 1800, 7301, P2
2026/09/21 07:20:38.687, 78, 126.79, 170.00, 7399, 12288, 100, 26, 1800, 7301, P2
2026/09/21 07:20:44.034, 77, 125.28, 170.00, 7399, 12288, 100, 25, 1800, 7301, P2
2026/09/21 07:20:49.370, 78, 130.79, 170.00, 7399, 12288, 100, 27, 1800, 7301, P2
2026/09/21 07:20:54.728, 78, 133.87, 170.00, 7399, 12288, 100, 28, 1800, 7301, P2
2026/09/21 07:21:00.065, 78, 134.64, 170.00, 7399, 12288, 99, 23, 1800, 7301, P2
2026/09/21 07:21:05.406, 78, 134.99, 170.00, 7399, 12288, 100, 25, 1800, 7301, P2
2026/09/21 07:21:10.751, 78, 134.95, 170.00, 7399, 12288, 100, 27, 1800, 7301, P2
2026/09/21 07:21:16.091, 78, 128.09, 170.00, 7399, 12288, 98, 24, 1800, 7301, P2
2026/09/21 07:21:21.428, 77, 125.49, 170.00, 7399, 12288, 100, 23, 1800, 7301, P2
2026/09/21 07:21:26.768, 78, 133.23, 170.00, 7399, 12288, 100, 26, 1800, 7301, P2
2026/09/21 07:21:32.112, 79, 135.77, 170.00, 7399, 12288, 100, 24, 1800, 7301, P2
2026/09/21 07:21:37.449, 78, 135.43, 170.00, 7399, 12288, 100, 25, 1800, 7301, P2
2026/09/21 07:21:42.789, 78, 135.47, 170.00, 7399, 12288, 100, 26, 1800, 7301, P2
2026/09/21 07:21:48.150, 79, 131.31, 170.00, 7399, 12288, 100, 25, 1800, 7301, P2
2026/09/21 07:21:53.487, 78, 128.21, 170.00, 7399, 12288, 100, 27, 1800, 7301, P2
2026/09/21 07:21:58.839, 78, 130.84, 170.00, 7399, 12288, 100, 27, 1800, 7301, P2
2026/09/21 07:22:04.177, 78, 133.40, 170.00, 7399, 12288, 100, 26, 1800, 7301, P2
2026/09/21 07:22:09.511, 78, 135.93, 170.00, 7399, 12288, 100, 27, 1800, 7301, P2
2026/09/21 07:22:14.863, 79, 134.60, 170.00, 7399, 12288, 97, 21, 1800, 7301, P2
2026/09/21 07:22:20.204, 78, 129.60, 170.00, 7399, 12288, 100, 26, 1800, 7301, P2
2026/09/21 07:22:25.548, 78, 127.15, 170.00, 7399, 12288, 100, 24, 1800, 7301, P2
2026/09/21 07:22:30.884, 77, 130.46, 170.00, 7399, 12288, 100, 27, 1800, 7301, P2
2026/09/21 07:22:36.230, 78, 133.11, 170.00, 7399, 12288, 100, 26, 1800, 7301, P2
2026/09/21 07:22:41.577, 78, 134.89, 170.00, 7399, 12288, 100, 25, 1800, 7301, P2
2026/09/21 07:22:46.919, 78, 135.91, 170.00, 7399, 12288, 100, 24, 1800, 7301, P2
2026/09/21 07:22:52.262, 79, 135.24, 170.00, 7399, 12288, 100, 24, 1800, 7301, P2
2026/09/21 07:22:57.601, 79, 134.37, 170.00, 7399, 12288, 100, 23, 1800, 7301, P2
2026/09/21 07:23:02.952, 78, 129.91, 170.00, 7399, 12288, 100, 26, 1800, 7301, P2
2026/09/21 07:23:08.293, 78, 126.64, 170.00, 7399, 12288, 97, 22, 1800, 7301, P2
2026/09/21 07:23:13.649, 78, 131.59, 170.00, 7399, 12288, 100, 26, 1800, 7301, P2
2026/09/21 07:23:18.997, 78, 134.65, 170.00, 7399, 12288, 100, 27, 1800, 7301, P2
2026/09/21 07:23:24.340, 79, 135.36, 170.00, 7399, 12288, 100, 24, 1800, 7301, P2
2026/09/21 07:23:29.691, 79, 135.60, 170.00, 7399, 12288, 100, 27, 1800, 7301, P2
2026/09/21 07:23:35.035, 79, 134.56, 170.00, 7399, 12288, 100, 23, 1800, 7301, P2
2026/09/21 07:23:40.376, 78, 129.06, 170.00, 7399, 12288, 100, 24, 1800, 7301, P2
2026/09/21 07:23:45.720, 79, 126.48, 170.00, 7399, 12288, 100, 24, 1800, 7301, P2
2026/09/21 07:23:51.058, 78, 126.50, 170.00, 7399, 12288, 100, 26, 1800, 7301, P2
2026/09/21 07:23:56.403, 78, 130.95, 170.00, 7399, 12288, 100, 27, 1800, 7301, P2
2026/09/21 07:24:01.774, 78, 132.40, 170.00, 7399, 12288, 100, 26, 1800, 7301, P2
2026/09/21 07:24:07.110, 79, 134.93, 170.00, 7399, 12288, 97, 25, 1800, 7301, P2
2026/09/21 07:24:12.458, 78, 135.19, 170.00, 7399, 12288, 100, 26, 1800, 7301, P2
2026/09/21 07:24:17.804, 78, 136.02, 170.00, 7399, 12288, 100, 26, 1800, 7301, P2
2026/09/21 07:24:23.142, 78, 135.20, 170.00, 7399, 12288, 100, 24, 1800, 7301, P2
2026/09/21 07:24:28.486, 78, 129.23, 170.00, 7399, 12288, 100, 24, 1800, 7301, P2
2026/09/21 07:24:33.825, 78, 128.17, 170.00, 7399, 12288, 100, 27, 1800, 7301, P2
2026/09/21 07:24:39.203, 78, 126.10, 170.00, 7399, 12288, 100, 24, 1800, 7301, P2
2026/09/21 07:24:44.547, 78, 130.32, 170.00, 7399, 12288, 100, 28, 1800, 7301, P2
2026/09/21 07:24:49.886, 78, 133.15, 170.00, 7399, 12288, 100, 27, 1800, 7301, P2
2026/09/21 07:24:55.231, 78, 134.21, 170.00, 7399, 12288, 100, 26, 1800, 7301, P2
2026/09/21 07:25:00.577, 78, 134.86, 170.00, 7399, 12288, 100, 24, 1800, 7301, P2
2026/09/21 07:25:05.916, 79, 134.79, 170.00, 7399, 12288, 100, 24, 1800, 7301, P2
2026/09/21 07:25:11.266, 79, 135.29, 170.00, 7399, 12288, 100, 23, 1800, 7301, P2
2026/09/21 07:25:16.610, 79, 127.06, 170.00, 7399, 12288, 100, 23, 1800, 7301, P2
2026/09/21 07:25:21.961, 78, 133.58, 170.00, 7399, 12288, 100, 26, 1800, 7301, P2
2026/09/21 07:25:27.313, 79, 134.94, 170.00, 7399, 12288, 100, 27, 1800, 7301, P2
2026/09/21 07:25:32.654, 78, 136.35, 170.00, 7399, 12288, 100, 25, 1800, 7301, P2
2026/09/21 07:25:37.991, 79, 134.36, 170.00, 7399, 12288, 100, 23, 1800, 7301, P2
2026/09/21 07:25:43.333, 78, 130.41, 170.00, 7399, 12288, 100, 24, 1800, 7301, P2
2026/09/21 07:25:48.670, 78, 127.67, 170.00, 7399, 12288, 100, 23, 1800, 7301, P2
2026/09/21 07:25:54.008, 77, 126.15, 170.00, 7399, 12288, 100, 26, 1800, 7301, P2
2026/09/21 07:25:59.374, 78, 131.13, 170.00, 7399, 12288, 100, 26, 1800, 7301, P2
2026/09/21 07:26:04.717, 79, 135.80, 170.00, 7399, 12288, 100, 24, 1800, 7301, P2
2026/09/21 07:26:10.071, 78, 134.85, 170.00, 7399, 12288, 100, 23, 1800, 7301, P2
2026/09/21 07:26:15.407, 78, 129.95, 170.00, 7399, 12288, 100, 24, 1800, 7301, P2
2026/09/21 07:26:20.766, 78, 127.94, 170.00, 7399, 12288, 100, 25, 1800, 7301, P2
2026/09/21 07:26:26.106, 78, 130.21, 170.00, 7399, 12288, 100, 25, 1800, 7301, P2
2026/09/21 07:26:31.467, 78, 130.57, 170.00, 7399, 12288, 100, 24, 1800, 7301, P2
2026/09/21 07:26:36.804, 78, 129.33, 170.00, 7399, 12288, 100, 24, 1800, 7301, P2
2026/09/21 07:26:42.149, 78, 125.77, 170.00, 7399, 12288, 91, 20, 1800, 7301, P2
2026/09/21 07:26:47.491, 78, 130.58, 170.00, 7399, 12288, 100, 27, 1800, 7301, P2
2026/09/21 07:26:52.840, 78, 132.51, 170.00, 7399, 12288, 100, 26, 1800, 7301, P2
2026/09/21 07:26:58.187, 79, 135.48, 170.00, 7399, 12288, 100, 28, 1800, 7301, P2
2026/09/21 07:27:03.527, 79, 136.16, 170.00, 7399, 12288, 100, 28, 1800, 7301, P2
2026/09/21 07:27:08.873, 79, 135.80, 170.00, 7399, 12288, 100, 24, 1800, 7301, P2
2026/09/21 07:27:14.240, 78, 134.23, 170.00, 7399, 12288, 100, 28, 1800, 7301, P2
2026/09/21 07:27:19.592, 78, 129.09, 170.00, 7399, 12288, 100, 24, 1800, 7301, P2
2026/09/21 07:27:24.934, 75, 125.23, 170.00, 7399, 12288, 53, 12, 1800, 7301, P2
2026/09/21 07:27:30.275, 78, 131.50, 170.00, 7399, 12288, 100, 26, 1800, 7301, P2
2026/09/21 07:27:35.617, 79, 133.73, 170.00, 7399, 12288, 100, 28, 1800, 7301, P2
2026/09/21 07:27:40.958, 79, 135.83, 170.00, 7399, 12288, 100, 26, 1800, 7301, P2
2026/09/21 07:27:46.298, 79, 135.39, 170.00, 7399, 12288, 100, 24, 1800, 7301, P2
2026/09/21 07:27:51.646, 78, 130.74, 170.00, 7399, 12288, 100, 28, 1800, 7301, P2
2026/09/21 07:27:56.985, 78, 127.92, 170.00, 7399, 12288, 100, 27, 1800, 7301, P2
2026/09/21 07:28:02.319, 78, 126.52, 170.00, 7399, 12288, 100, 24, 1800, 7301, P2
2026/09/21 07:28:07.673, 78, 130.61, 170.00, 7399, 12288, 100, 26, 1800, 7301, P2
2026/09/21 07:28:13.012, 78, 133.43, 170.00, 7399, 12288, 100, 27, 1800, 7301, P2
2026/09/21 07:28:18.354, 79, 135.44, 170.00, 7399, 12288, 100, 26, 1800, 7301, P2
2026/09/21 07:28:23.702, 79, 134.37, 170.00, 7399, 12288, 100, 24, 1800, 7301, P2
2026/09/21 07:28:29.045, 79, 134.99, 170.00, 7399, 12288, 100, 23, 1800, 7301, P2
2026/09/21 07:28:34.391, 79, 128.54, 170.00, 7399, 12288, 100, 23, 1800, 7301, P2
2026/09/21 07:28:39.735, 79, 129.16, 170.00, 7399, 12288, 100, 24, 1800, 7301, P2
2026/09/21 07:28:45.076, 78, 125.69, 170.00, 7399, 12288, 97, 23, 1800, 7301, P2
2026/09/21 07:28:50.416, 78, 130.95, 170.00, 7399, 12288, 100, 26, 1800, 7301, P2
2026/09/21 07:28:55.761, 78, 133.85, 170.00, 7399, 12288, 100, 27, 1800, 7301, P2
2026/09/21 07:29:01.102, 78, 131.96, 170.00, 7399, 12288, 100, 27, 1800, 7301, P2
2026/09/21 07:29:06.446, 76, 122.94, 170.00, 7399, 12288, 100, 29, 1815, 7301, P2
2026/09/21 07:29:11.788, 76, 123.56, 170.00, 7399, 12288, 100, 29, 1815, 7301, P2
2026/09/21 07:29:17.132, 76, 120.74, 170.00, 7399, 12288, 81, 24, 1815, 7301, P2
2026/09/21 07:29:22.475, 75, 117.63, 170.00, 7399, 12288, 100, 29, 1815, 7301, P2
2026/09/21 07:29:27.826, 75, 117.69, 170.00, 7399, 12288, 100, 29, 1815, 7301, P2
2026/09/21 07:29:33.172, 76, 120.84, 170.00, 7399, 12288, 100, 25, 1815, 7301, P2
2026/09/21 07:29:38.520, 76, 122.53, 170.00, 7399, 12288, 100, 25, 1815, 7301, P2
2026/09/21 07:29:43.868, 76, 132.76, 170.00, 7399, 12288, 100, 27, 1815, 7301, P2
2026/09/21 07:29:49.207, 75, 124.05, 170.00, 7399, 12288, 100, 29, 1815, 7301, P2
2026/09/21 07:29:54.548, 74, 116.37, 170.00, 7399, 12288, 100, 29, 1815, 7301, P2
2026/09/21 07:29:59.894, 75, 122.68, 170.00, 7399, 12288, 100, 24, 1815, 7301, P2
2026/09/21 07:30:05.246, 76, 133.10, 170.00, 7399, 12288, 100, 24, 1815, 7301, P2
2026/09/21 07:30:10.591, 76, 132.06, 170.00, 7399, 12288, 100, 27, 1815, 7301, P2
2026/09/21 07:30:15.928, 76, 131.86, 170.00, 7399, 12288, 100, 27, 1815, 7301, P2
2026/09/21 07:30:21.273, 76, 131.87, 170.00, 7399, 12288, 100, 26, 1815, 7301, P2
2026/09/21 07:30:26.614, 75, 119.23, 170.00, 7399, 12288, 78, 22, 1815, 7301, P2
2026/09/21 07:30:31.971, 75, 116.75, 170.00, 7399, 12288, 100, 29, 1815, 7301, P2
2026/09/21 07:30:37.317, 75, 117.11, 170.00, 7399, 12288, 78, 22, 1815, 7301, P2
2026/09/21 07:30:42.658, 74, 118.41, 170.00, 7399, 12288, 96, 28, 1815, 7301, P2
2026/09/21 07:30:48.001, 76, 125.52, 170.00, 7399, 12288, 100, 23, 1815, 7301, P2
2026/09/21 07:30:53.373, 75, 129.74, 170.00, 7399, 12288, 100, 26, 1815, 7301, P2
2026/09/21 07:30:58.717, 76, 133.14, 170.00, 7399, 12288, 100, 27, 1815, 7301, P2
2026/09/21 07:31:04.064, 75, 120.62, 170.00, 7399, 12288, 100, 29, 1815, 7301, P2
2026/09/21 07:31:09.402, 75, 118.31, 170.00, 7399, 12288, 100, 29, 1815, 7301, P2
2026/09/21 07:31:14.744, 75, 116.97, 170.00, 7399, 12288, 100, 29, 1815, 7301, P2
2026/09/21 07:31:20.089, 76, 120.43, 170.00, 7399, 12288, 100, 26, 1815, 7301, P2
2026/09/21 07:31:25.433, 75, 126.75, 170.00, 7399, 12288, 100, 26, 1815, 7301, P2
2026/09/21 07:31:30.773, 75, 132.70, 170.00, 7399, 12288, 100, 23, 1815, 7301, P2
2026/09/21 07:31:36.118, 74, 118.82, 170.00, 7399, 12288, 81, 24, 1815, 7301, P2
2026/09/21 07:31:41.459, 75, 117.01, 170.00, 7399, 12288, 100, 29, 1815, 7301, P2
2026/09/21 07:31:46.801, 75, 120.17, 170.00, 7399, 12288, 100, 29, 1815, 7301, P2
2026/09/21 07:31:52.142, 76, 131.45, 170.00, 7399, 12288, 100, 27, 1815, 7301, P2
2026/09/21 07:31:57.481, 75, 118.34, 170.00, 7399, 12288, 100, 29, 1815, 7301, P2
2026/09/21 07:32:02.821, 75, 119.42, 170.00, 7399, 12288, 100, 29, 1815, 7301, P2
2026/09/21 07:32:08.163, 75, 116.74, 170.00, 7399, 12288, 84, 24, 1815, 7301, P2
2026/09/21 07:32:13.511, 72, 115.39, 170.00, 7399, 12288, 63, 15, 1815, 7301, P2
2026/09/21 07:32:18.888, 75, 118.29, 170.00, 7399, 12288, 100, 24, 1815, 7301, P2
2026/09/21 07:32:24.234, 76, 124.93, 170.00, 7399, 12288, 100, 24, 1815, 7301, P2
2026/09/21 07:32:29.572, 76, 130.55, 170.00, 7399, 12288, 100, 27, 1815, 7301, P2
2026/09/21 07:32:34.918, 76, 131.30, 170.00, 7399, 12288, 100, 27, 1815, 7301, P2
2026/09/21 07:32:40.266, 75, 117.48, 170.00, 7399, 12288, 100, 29, 1815, 7301, P2
2026/09/21 07:32:45.636, 74, 116.78, 170.00, 7399, 12288, 83, 24, 1815, 7301, P2
2026/09/21 07:32:50.979, 75, 117.72, 170.00, 7399, 12288, 100, 28, 1815, 7301, P2
2026/09/21 07:32:56.318, 75, 116.88, 170.00, 7399, 12288, 100, 29, 1815, 7301, P2
2026/09/21 07:33:01.663, 76, 120.27, 170.00, 7399, 12288, 100, 26, 1815, 7301, P2
2026/09/21 07:33:07.009, 76, 126.36, 170.00, 7399, 12288, 100, 23, 1815, 7301, P2
2026/09/21 07:33:12.368, 77, 131.18, 170.00, 7399, 12288, 100, 27, 1815, 7301, P2
2026/09/21 07:33:17.726, 76, 128.59, 170.00, 7399, 12288, 100, 27, 1815, 7301, P2
2026/09/21 07:33:23.071, 76, 117.35, 170.00, 7399, 12288, 100, 29, 1815, 7301, P2
2026/09/21 07:33:28.420, 76, 117.52, 170.00, 7399, 12288, 100, 29, 1815, 7301, P2
2026/09/21 07:33:33.767, 76, 120.83, 170.00, 7399, 12288, 100, 24, 1815, 7301, P2
2026/09/21 07:33:39.108, 77, 133.29, 170.00, 7399, 12288, 100, 27, 1815, 7301, P2
2026/09/21 07:33:44.464, 76, 117.59, 170.00, 7399, 12288, 100, 29, 1815, 7301, P2
2026/09/21 07:33:49.808, 75, 117.22, 170.00, 7399, 12288, 100, 29, 1815, 7301, P2
2026/09/21 07:33:55.153, 76, 125.04, 170.00, 7399, 12288, 81, 22, 1815, 7301, P2
2026/09/21 07:34:00.497, 75, 121.11, 170.00, 7399, 12288, 83, 24, 1815, 7301, P2
2026/09/21 07:34:05.838, 75, 117.73, 170.00, 7399, 12288, 100, 29, 1815, 7301, P2
2026/09/21 07:34:11.201, 76, 116.97, 170.00, 7399, 12288, 100, 29, 1815, 7301, P2
2026/09/21 07:34:16.547, 77, 119.22, 170.00, 7399, 12288, 100, 27, 1815, 7301, P2
2026/09/21 07:34:21.907, 77, 126.36, 170.00, 7399, 12288, 100, 26, 1815, 7301, P2
2026/09/21 07:34:27.248, 77, 126.93, 170.00, 7399, 12288, 100, 24, 1815, 7301, P2
2026/09/21 07:34:32.592, 77, 131.77, 170.00, 7399, 12288, 100, 26, 1815, 7301, P2
2026/09/21 07:34:37.941, 76, 122.87, 170.00, 7399, 12288, 100, 29, 1815, 7301, P2
2026/09/21 07:34:43.285, 76, 117.78, 170.00, 7399, 12288, 100, 29, 1815, 7301, P2
2026/09/21 07:34:48.633, 76, 117.18, 170.00, 7399, 12288, 100, 29, 1815, 7301, P2
2026/09/21 07:34:53.975, 76, 117.39, 170.00, 7399, 12288, 100, 29, 1815, 7301, P2
2026/09/21 07:34:59.334, 77, 126.34, 170.00, 7399, 12288, 100, 25, 1815, 7301, P2
2026/09/21 07:35:04.699, 78, 134.36, 170.00, 7399, 12288, 100, 26, 1815, 7301, P2
2026/09/21 07:35:10.257, 77, 134.72, 170.00, 7399, 12288, 100, 25, 1815, 7301, P2
2026/09/21 07:35:15.604, 76, 119.33, 170.00, 7399, 12288, 100, 29, 1815, 7301, P2
2026/09/21 07:35:20.952, 77, 124.81, 170.00, 7399, 12288, 100, 25, 1815, 7301, P2
2026/09/21 07:35:26.299, 77, 124.82, 170.00, 7399, 12288, 93, 26, 1815, 7301, P2
2026/09/21 07:35:31.653, 77, 119.79, 170.00, 7399, 12288, 100, 29, 1815, 7301, P2
2026/09/21 07:35:36.996, 76, 118.13, 170.00, 7399, 12288, 87, 22, 1815, 7301, P2
2026/09/21 07:35:42.384, 78, 126.37, 170.00, 7399, 12288, 100, 24, 1800, 7301, P2
2026/09/21 07:35:47.734, 78, 133.78, 170.00, 7399, 12288, 100, 25, 1800, 7301, P2
2026/09/21 07:35:53.129, 78, 132.83, 170.00, 7399, 12288, 100, 26, 1800, 7301, P2
2026/09/21 07:35:58.472, 77, 128.82, 170.00, 7399, 12288, 100, 26, 1800, 7301, P2
2026/09/21 07:36:03.823, 77, 129.22, 170.00, 7399, 12288, 100, 25, 1800, 7301, P2
2026/09/21 07:36:09.169, 77, 123.10, 170.00, 7399, 12288, 100, 29, 1800, 7301, P2
2026/09/21 07:36:14.511, 77, 118.89, 170.00, 7399, 12288, 100, 29, 1800, 7301, P2
2026/09/21 07:36:19.858, 76, 118.01, 170.00, 7399, 12288, 100, 29, 1800, 7301, P2
2026/09/21 07:36:25.214, 76, 118.90, 170.00, 7399, 12288, 100, 29, 1800, 7301, P2
2026/09/21 07:36:30.558, 78, 133.82, 170.00, 7399, 12288, 100, 25, 1800, 7301, P2
2026/09/21 07:36:35.901, 77, 125.63, 170.00, 7399, 12288, 97, 28, 1807, 7301, P2
2026/09/21 07:36:41.247, 77, 125.78, 170.00, 7399, 12288, 73, 20, 1807, 7301, P2
2026/09/21 07:36:46.588, 76, 117.49, 170.00, 7399, 12288, 97, 28, 1807, 7301, P2
2026/09/21 07:36:51.937, 76, 117.55, 170.00, 7399, 12288, 100, 29, 1807, 7301, P2
2026/09/21 07:36:57.292, 76, 118.16, 170.00, 7399, 12288, 100, 29, 1807, 7301, P2
2026/09/21 07:37:02.640, 77, 123.21, 170.00, 7399, 12288, 100, 26, 1807, 7301, P2
2026/09/21 07:37:07.989, 77, 129.83, 170.00, 7399, 12288, 100, 27, 1807, 7301, P2
2026/09/21 07:37:13.337, 77, 118.96, 170.00, 7399, 12288, 100, 26, 1807, 7301, P2
2026/09/21 07:37:18.750, 78, 133.64, 170.00, 7399, 12288, 100, 24, 1807, 7301, P2
2026/09/21 07:37:24.104, 77, 131.08, 170.00, 7399, 12288, 100, 27, 1807, 7301, P2
2026/09/21 07:37:29.511, 76, 118.48, 170.00, 7399, 12288, 88, 24, 1807, 7301, P2
2026/09/21 07:37:34.866, 77, 119.53, 170.00, 7399, 12288, 100, 29, 1807, 7301, P2
2026/09/21 07:37:40.209, 77, 121.45, 170.00, 7399, 12288, 100, 29, 1807, 7301, P2
2026/09/21 07:37:45.609, 78, 134.21, 170.00, 7399, 12288, 100, 27, 1807, 7301, P2
2026/09/21 07:37:50.950, 78, 128.07, 170.00, 7399, 12288, 100, 26, 1807, 7301, P2
2026/09/21 07:37:56.303, 78, 129.88, 170.00, 7399, 12288, 100, 27, 1807, 7301, P2
2026/09/21 07:38:01.655, 77, 123.46, 170.00, 7399, 12288, 100, 26, 1807, 7301, P2
2026/09/21 07:38:07.068, 78, 132.79, 170.00, 7399, 12288, 100, 26, 1807, 7301, P2
2026/09/21 07:38:12.415, 77, 120.56, 170.00, 7399, 12288, 100, 29, 1807, 7301, P2
2026/09/21 07:38:17.766, 79, 132.34, 170.00, 7399, 12288, 100, 27, 1807, 7301, P2
2026/09/21 07:38:23.118, 77, 127.41, 170.00, 7399, 12288, 100, 29, 1807, 7301, P2
2026/09/21 07:38:28.515, 77, 120.43, 170.00, 7399, 12288, 100, 26, 1807, 7301, P2
2026/09/21 07:38:33.864, 78, 130.79, 170.00, 7399, 12288, 100, 26, 1807, 7301, P2
2026/09/21 07:38:39.228, 78, 121.05, 170.00, 7399, 12288, 100, 24, 1807, 7301, P2
2026/09/21 07:38:44.580, 78, 129.10, 170.00, 7399, 12288, 100, 25, 1807, 7301, P2
2026/09/21 07:38:49.921, 77, 117.47, 170.00, 7399, 12288, 100, 29, 1807, 7301, P2
2026/09/21 07:38:55.274, 77, 120.54, 170.00, 7399, 12288, 100, 29, 1807, 7301, P2
2026/09/21 07:39:00.619, 77, 118.18, 170.00, 7399, 12288, 100, 29, 1807, 7301, P2
2026/09/21 07:39:05.966, 78, 129.13, 170.00, 7399, 12288, 100, 25, 1807, 7301, P2
2026/09/21 07:39:11.316, 77, 128.40, 170.00, 7399, 12288, 100, 27, 1807, 7301, P2
2026/09/21 07:39:16.656, 74, 117.29, 170.00, 7399, 12288, 92, 27, 1807, 7301, P2
2026/09/21 07:39:21.999, 78, 122.37, 170.00, 7399, 12288, 100, 25, 1807, 7301, P2
2026/09/21 07:39:27.351, 78, 134.08, 170.00, 7399, 12288, 99, 25, 1807, 7301, P2
2026/09/21 07:39:32.700, 78, 132.14, 170.00, 7399, 12288, 100, 25, 1807, 7301, P2
2026/09/21 07:39:38.044, 77, 130.66, 170.00, 7399, 12288, 100, 28, 1807, 7301, P2
2026/09/21 07:39:43.390, 76, 118.70, 170.00, 7399, 12288, 100, 29, 1807, 7301, P2
2026/09/21 07:39:48.744, 77, 118.50, 170.00, 7399, 12288, 100, 29, 1807, 7301, P2
2026/09/21 07:39:54.103, 76, 117.70, 170.00, 7399, 12288, 100, 29, 1807, 7301, P2
2026/09/21 07:39:59.458, 77, 118.78, 170.00, 7399, 12288, 100, 25, 1807, 7301, P2
2026/09/21 07:40:04.811, 77, 120.34, 170.00, 7399, 12288, 100, 24, 1807, 7301, P2
2026/09/21 07:40:10.190, 78, 133.97, 170.00, 7399, 12288, 100, 27, 1807, 7301, P2
2026/09/21 07:40:15.539, 77, 121.37, 170.00, 7399, 12288, 100, 29, 1807, 7301, P2
2026/09/21 07:40:20.881, 74, 116.88, 170.00, 7399, 12288, 82, 24, 1807, 7301, P2
2026/09/21 07:40:26.221, 77, 124.66, 170.00, 7399, 12288, 100, 26, 1807, 7301, P2
2026/09/21 07:40:31.571, 77, 129.02, 170.00, 7399, 12288, 100, 25, 1807, 7301, P2
2026/09/21 07:40:36.915, 78, 134.64, 170.00, 7399, 12288, 100, 26, 1807, 7301, P2
2026/09/21 07:40:42.271, 77, 130.68, 170.00, 7399, 12288, 100, 27, 1807, 7301, P2
2026/09/21 07:40:47.615, 77, 130.72, 170.00, 7399, 12288, 100, 25, 1800, 7301, P2
2026/09/21 07:40:52.960, 79, 133.55, 170.00, 7399, 12288, 100, 25, 1800, 7301, P2
2026/09/21 07:40:58.313, 78, 129.88, 170.00, 7399, 12288, 100, 25, 1800, 7301, P2
2026/09/21 07:41:03.655, 80, 128.62, 170.00, 7399, 12288, 100, 25, 1800, 7301, P2
2026/09/21 07:41:09.003, 77, 131.70, 170.00, 7399, 12288, 91, 22, 1800, 7301, P2
2026/09/21 07:41:14.350, 80, 132.45, 170.00, 7399, 12288, 100, 26, 1800, 7301, P2
2026/09/21 07:41:19.691, 80, 135.44, 170.00, 7399, 12288, 100, 24, 1800, 7301, P2
2026/09/21 07:41:25.047, 80, 131.59, 170.00, 7399, 12288, 100, 25, 1800, 7301, P2
2026/09/21 07:41:30.395, 80, 136.18, 170.00, 7399, 12288, 99, 23, 1800, 7301, P2
2026/09/21 07:41:35.738, 81, 135.01, 170.00, 7399, 12288, 100, 26, 1800, 7301, P2
2026/09/21 07:41:41.094, 81, 135.49, 170.00, 7399, 12288, 100, 26, 1800, 7301, P2
2026/09/21 07:41:46.442, 80, 132.79, 170.00, 7399, 12288, 100, 25, 1800, 7301, P2
2026/09/21 07:41:51.791, 80, 130.62, 170.00, 7399, 12288, 100, 24, 1800, 7301, P2
2026/09/21 07:41:57.146, 80, 135.01, 170.00, 7399, 12288, 100, 27, 1800, 7301, P2
2026/09/21 07:42:02.490, 80, 136.84, 170.00, 7399, 12288, 100, 25, 1800, 7301, P2
2026/09/21 07:42:07.832, 80, 133.60, 170.00, 7399, 12288, 100, 24, 1800, 7301, P2
2026/09/21 07:42:13.187, 80, 130.22, 170.00, 7399, 12288, 100, 23, 1800, 7301, P2
2026/09/21 07:42:18.532, 80, 134.52, 170.00, 7399, 12288, 100, 27, 1800, 7301, P2
2026/09/21 07:42:23.873, 81, 137.05, 170.00, 7399, 12288, 100, 27, 1800, 7301, P2
2026/09/21 07:42:29.235, 79, 130.73, 170.00, 7399, 12288, 100, 27, 1800, 7301, P2
2026/09/21 07:42:34.583, 79, 131.65, 170.00, 7399, 12288, 100, 25, 1800, 7301, P2
2026/09/21 07:42:39.931, 79, 135.59, 170.00, 7399, 12288, 100, 24, 1800, 7301, P2
2026/09/21 07:42:45.284, 80, 135.48, 170.00, 7399, 12288, 100, 25, 1800, 7301, P2
2026/09/21 07:42:50.627, 80, 130.95, 170.00, 7399, 12288, 100, 26, 1800, 7301, P2
2026/09/21 07:42:55.972, 80, 135.96, 170.00, 7399, 12288, 100, 24, 1800, 7301, P2
2026/09/21 07:43:01.316, 80, 133.15, 170.00, 7399, 12288, 100, 24, 1800, 7301, P2
2026/09/21 07:43:06.657, 79, 132.71, 170.00, 7399, 12288, 100, 26, 1800, 7301, P2
2026/09/21 07:43:12.007, 79, 135.80, 170.00, 7399, 12288, 99, 24, 1800, 7301, P2
2026/09/21 07:43:17.379, 79, 133.89, 170.00, 7399, 12288, 100, 25, 1800, 7301, P2
2026/09/21 07:43:22.723, 79, 132.55, 170.00, 7399, 12288, 100, 26, 1800, 7301, P2
2026/09/21 07:43:28.069, 79, 133.99, 170.00, 7399, 12288, 100, 27, 1800, 7301, P2
2026/09/21 07:43:33.424, 80, 135.04, 170.00, 7399, 12288, 100, 26, 1800, 7301, P2
2026/09/21 07:43:38.771, 80, 136.50, 170.00, 7399, 12288, 100, 26, 1800, 7301, P2
2026/09/21 07:43:44.126, 80, 136.57, 170.00, 7399, 12288, 100, 27, 1800, 7301, P2
2026/09/21 07:43:49.482, 79, 130.45, 170.00, 7399, 12288, 100, 27, 1800, 7301, P2
2026/09/21 07:43:54.838, 79, 135.00, 170.00, 7399, 12288, 100, 27, 1800, 7301, P2
2026/09/21 07:44:00.189, 79, 135.29, 170.00, 7399, 12288, 100, 25, 1800, 7301, P2
2026/09/21 07:44:05.547, 79, 133.42, 170.00, 7399, 12288, 99, 24, 1800, 7301, P2
2026/09/21 07:44:10.890, 76, 125.78, 170.00, 7399, 12288, 64, 13, 1800, 7301, P2
2026/09/21 07:44:16.242, 79, 130.90, 170.00, 7399, 12288, 100, 25, 1800, 7301, P2
2026/09/21 07:44:21.587, 79, 134.34, 170.00, 7399, 12288, 100, 24, 1800, 7301, P2
2026/09/21 07:44:26.938, 80, 135.40, 170.00, 7399, 12288, 100, 26, 1800, 7301, P2
2026/09/21 07:44:32.290, 79, 135.19, 170.00, 7399, 12288, 100, 25, 1800, 7301, P2
2026/09/21 07:44:37.633, 79, 132.98, 170.00, 7399, 12288, 100, 25, 1800, 7301, P2
2026/09/21 07:44:42.981, 78, 129.63, 170.00, 7399, 12288, 88, 19, 1800, 7301, P2
2026/09/21 07:44:48.347, 79, 136.37, 170.00, 7399, 12288, 100, 25, 1800, 7301, P2
2026/09/21 07:44:53.701, 79, 130.72, 170.00, 7399, 12288, 100, 25, 1800, 7301, P2
2026/09/21 07:44:59.054, 79, 134.16, 170.00, 7399, 12288, 100, 26, 1800, 7301, P2
2026/09/21 07:45:04.398, 79, 134.87, 170.00, 7399, 12288, 100, 26, 1800, 7301, P2
2026/09/21 07:45:09.753, 79, 136.39, 170.00, 7399, 12288, 100, 26, 1800, 7301, P2
2026/09/21 07:45:15.124, 75, 129.57, 170.00, 7399, 12288, 80, 19, 1800, 7301, P2
2026/09/21 07:45:20.484, 79, 135.00, 170.00, 7399, 12288, 100, 25, 1800, 7301, P2
2026/09/21 07:45:25.836, 79, 136.46, 170.00, 7399, 12288, 100, 27, 1800, 7301, P2
2026/09/21 07:45:31.202, 79, 130.46, 170.00, 7399, 12288, 100, 26, 1800, 7301, P2
2026/09/21 07:45:36.559, 77, 126.46, 170.00, 7399, 12288, 67, 14, 1800, 7301, P2
2026/09/21 07:45:41.923, 79, 134.53, 170.00, 7399, 12288, 100, 25, 1800, 7301, P2
2026/09/21 07:45:47.269, 79, 136.38, 170.00, 7399, 12288, 100, 24, 1800, 7301, P2
2026/09/21 07:45:52.611, 79, 136.68, 170.00, 7399, 12288, 100, 24, 1800, 7301, P2
2026/09/21 07:45:57.955, 79, 134.52, 170.00, 7399, 12288, 100, 24, 1800, 7301, P2
2026/09/21 07:46:03.304, 79, 130.36, 170.00, 7399, 12288, 100, 25, 1800, 7301, P2
2026/09/21 07:46:08.660, 79, 135.36, 170.00, 7399, 12288, 100, 25, 1800, 7301, P2
2026/09/21 07:46:14.012, 78, 134.40, 170.00, 7399, 12288, 99, 24, 1800, 7301, P2
2026/09/21 07:46:19.365, 78, 130.57, 170.00, 7399, 12288, 100, 24, 1800, 7301, P2
2026/09/21 07:46:24.709, 78, 129.74, 170.00, 7399, 12288, 100, 25, 1800, 7301, P2
2026/09/21 07:46:30.057, 79, 135.75, 170.00, 7399, 12288, 100, 27, 1800, 7301, P2
2026/09/21 07:46:35.412, 78, 136.52, 170.00, 7399, 12288, 100, 25, 1800, 7301, P2
2026/09/21 07:46:40.782, 79, 135.73, 170.00, 7399, 12288, 100, 27, 1800, 7301, P2
2026/09/21 07:46:46.138, 79, 134.54, 170.00, 7399, 12288, 100, 25, 1800, 7301, P2
2026/09/21 07:46:51.491, 78, 126.00, 170.00, 7399, 12288, 100, 27, 1800, 7301, P2
2026/09/21 07:46:56.864, 78, 133.80, 170.00, 7399, 12288, 100, 24, 1800, 7301, P2
2026/09/21 07:47:02.208, 79, 135.63, 170.00, 7399, 12288, 100, 24, 1800, 7301, P2
2026/09/21 07:47:07.556, 79, 133.92, 170.00, 7399, 12288, 100, 24, 1800, 7301, P2
2026/09/21 07:47:12.896, 79, 133.20, 170.00, 7399, 12288, 100, 25, 1800, 7301, P2
2026/09/21 07:47:18.250, 80, 135.24, 170.00, 7399, 12288, 100, 27, 1800, 7301, P2
2026/09/21 07:47:23.603, 79, 129.65, 170.00, 7399, 12288, 100, 25, 1800, 7301, P2
2026/09/21 07:47:28.947, 79, 135.65, 170.00, 7399, 12288, 100, 24, 1800, 7301, P2
2026/09/21 07:47:34.300, 78, 130.50, 170.00, 7399, 12288, 100, 27, 1800, 7301, P2
2026/09/21 07:47:39.660, 79, 136.40, 170.00, 7399, 12288, 100, 27, 1800, 7301, P2
2026/09/21 07:47:45.004, 79, 134.82, 170.00, 7399, 12288, 100, 27, 1800, 7301, P2
2026/09/21 07:47:50.355, 79, 136.45, 170.00, 7399, 12288, 100, 26, 1800, 7301, P2
2026/09/21 07:47:55.704, 79, 128.95, 170.00, 7399, 12288, 100, 25, 1800, 7301, P2
2026/09/21 07:48:01.053, 79, 129.02, 170.00, 7399, 12288, 100, 24, 1800, 7301, P2
2026/09/21 07:48:06.398, 79, 134.16, 170.00, 7399, 12288, 100, 25, 1800, 7301, P2
2026/09/21 07:48:11.751, 79, 135.16, 170.00, 7399, 12288, 100, 26, 1800, 7301, P2
2026/09/21 07:48:17.098, 78, 131.48, 170.00, 7399, 12288, 100, 25, 1800, 7301, P2
2026/09/21 07:48:22.449, 78, 129.91, 170.00, 7399, 12288, 93, 23, 1800, 7301, P2
2026/09/21 07:48:27.797, 78, 127.60, 170.00, 7399, 12288, 100, 24, 1800, 7301, P2
2026/09/21 07:48:33.140, 78, 132.64, 170.00, 7399, 12288, 100, 26, 1800, 7301, P2
2026/09/21 07:48:38.513, 78, 136.41, 170.00, 7399, 12288, 100, 24, 1800, 7301, P2
2026/09/21 07:48:43.867, 78, 128.52, 170.00, 7399, 12288, 100, 25, 1800, 7301, P2
2026/09/21 07:48:49.212, 76, 126.11, 170.00, 7399, 12288, 46, 10, 1800, 7301, P2
2026/09/21 07:48:54.566, 79, 134.73, 170.00, 7399, 12288, 100, 24, 1800, 7301, P2
2026/09/21 07:48:59.906, 79, 131.10, 170.00, 7399, 12288, 100, 25, 1800, 7301, P2
2026/09/21 07:49:05.259, 79, 135.71, 170.00, 7399, 12288, 100, 23, 1800, 7301, P2
2026/09/21 07:49:10.616, 79, 130.32, 170.00, 7399, 12288, 100, 27, 1800, 7301, P2
2026/09/21 07:49:15.974, 79, 133.27, 170.00, 7399, 12288, 100, 25, 1800, 7301, P2
2026/09/21 07:49:21.326, 80, 136.11, 170.00, 7399, 12288, 99, 24, 1800, 7301, P2
2026/09/21 07:49:26.670, 79, 131.25, 170.00, 7399, 12288, 100, 24, 1800, 7301, P2
2026/09/21 07:49:32.012, 79, 133.88, 170.00, 7399, 12288, 100, 24, 1800, 7301, P2
2026/09/21 07:49:37.354, 79, 135.95, 170.00, 7399, 12288, 100, 25, 1800, 7301, P2
2026/09/21 07:49:42.699, 79, 135.19, 170.00, 7399, 12288, 100, 26, 1800, 7301, P2
2026/09/21 07:49:48.051, 79, 136.64, 170.00, 7399, 12288, 100, 27, 1800, 7301, P2
2026/09/21 07:49:53.420, 79, 127.55, 170.00, 7399, 12288, 100, 23, 1800, 7301, P2
2026/09/21 07:49:58.779, 79, 132.23, 170.00, 7399, 12288, 100, 26, 1800, 7301, P2
2026/09/21 07:50:04.127, 78, 131.92, 170.00, 7399, 12288, 100, 26, 1800, 7301, P2
2026/09/21 07:50:09.474, 79, 135.66, 170.00, 7399, 12288, 100, 26, 1800, 7301, P2
2026/09/21 07:50:14.825, 79, 136.19, 170.00, 7399, 12288, 100, 28, 1800, 7301, P2
2026/09/21 07:50:20.188, 79, 135.91, 170.00, 7399, 12288, 100, 25, 1800, 7301, P2
2026/09/21 07:50:25.531, 79, 132.76, 170.00, 7399, 12288, 100, 25, 1800, 7301, P2
2026/09/21 07:50:30.902, 80, 131.29, 170.00, 7399, 12288, 100, 25, 1800, 7301, P2
2026/09/21 07:50:36.261, 79, 133.43, 170.00, 7399, 12288, 100, 26, 1800, 7301, P2
2026/09/21 07:50:41.623, 79, 136.32, 170.00, 7399, 12288, 100, 26, 1800, 7301, P2
2026/09/21 07:50:47.018, 79, 133.21, 170.00, 7399, 12288, 100, 26, 1800, 7301, P2
2026/09/21 07:50:52.363, 79, 134.65, 170.00, 7399, 12288, 100, 27, 1800, 7301, P2
2026/09/21 07:50:57.709, 80, 130.88, 170.00, 7399, 12288, 95, 24, 1800, 7301, P2
2026/09/21 07:51:03.053, 80, 133.90, 170.00, 7399, 12288, 100, 25, 1800, 7301, P2
2026/09/21 07:51:08.401, 79, 131.99, 170.00, 7399, 12288, 100, 25, 1800, 7301, P2
2026/09/21 07:51:13.745, 78, 128.86, 170.00, 7399, 12288, 84, 20, 1800, 7301, P2
2026/09/21 07:51:19.092, 79, 134.75, 170.00, 7399, 12288, 100, 24, 1800, 7301, P2
2026/09/21 07:51:24.455, 79, 129.90, 170.00, 7399, 12288, 100, 25, 1800, 7301, P2
2026/09/21 07:51:29.802, 79, 133.63, 170.00, 7399, 12288, 100, 27, 1800, 7301, P2
2026/09/21 07:51:35.157, 78, 129.51, 170.00, 7399, 12288, 96, 21, 1800, 7301, P2
2026/09/21 07:51:40.510, 80, 133.06, 170.00, 7399, 12288, 100, 23, 1800, 7301, P2
2026/09/21 07:51:45.857, 79, 130.02, 170.00, 7399, 12288, 100, 24, 1800, 7301, P2
2026/09/21 07:51:51.202, 78, 130.61, 170.00, 7399, 12288, 100, 24, 1800, 7301, P2
2026/09/21 07:51:56.569, 79, 132.05, 170.00, 7399, 12288, 100, 27, 1800, 7301, P2
2026/09/21 07:52:01.924, 79, 133.65, 170.00, 7399, 12288, 100, 25, 1800, 7301, P2
2026/09/21 07:52:07.289, 79, 136.35, 170.00, 7399, 12288, 100, 25, 1800, 7301, P2
2026/09/21 07:52:12.640, 79, 136.06, 170.00, 7399, 12288, 100, 25, 1800, 7301, P2
2026/09/21 07:52:17.991, 79, 135.23, 170.00, 7399, 12288, 100, 26, 1800, 7301, P2
2026/09/21 07:52:23.342, 79, 136.46, 170.00, 7399, 12288, 100, 28, 1800, 7301, P2
2026/09/21 07:52:28.689, 79, 134.81, 170.00, 7399, 12288, 99, 23, 1800, 7301, P2
2026/09/21 07:52:34.041, 79, 134.87, 170.00, 7399, 12288, 100, 26, 1800, 7301, P2
2026/09/21 07:52:39.421, 79, 133.43, 170.00, 7399, 12288, 100, 26, 1800, 7301, P2
2026/09/21 07:52:44.781, 79, 135.88, 170.00, 7399, 12288, 100, 24, 1800, 7301, P2
2026/09/21 07:52:50.133, 80, 136.43, 170.00, 7399, 12288, 100, 24, 1800, 7301, P2
2026/09/21 07:52:55.485, 80, 129.49, 170.00, 7399, 12288, 94, 23, 1792, 7301, P2
2026/09/21 07:53:00.838, 80, 131.35, 170.00, 7399, 12288, 100, 23, 1800, 7301, P2
2026/09/21 07:53:06.188, 79, 128.56, 170.00, 7399, 12288, 64, 16, 1800, 7301, P2
2026/09/21 07:53:11.545, 80, 136.29, 170.00, 7399, 12288, 100, 24, 1800, 7301, P2
2026/09/21 07:53:16.896, 79, 134.86, 170.00, 7399, 12288, 100, 23, 1800, 7301, P2
2026/09/21 07:53:22.245, 78, 126.71, 170.00, 7399, 12288, 53, 12, 1800, 7301, P2
2026/09/21 07:53:27.600, 80, 135.59, 170.00, 7399, 12288, 100, 26, 1800, 7301, P2
2026/09/21 07:53:32.947, 80, 136.49, 170.00, 7399, 12288, 100, 27, 1800, 7301, P2
2026/09/21 07:53:38.320, 79, 130.25, 170.00, 7399, 12288, 99, 22, 1800, 7301, P2
2026/09/21 07:53:43.672, 79, 136.13, 170.00, 7399, 12288, 100, 25, 1800, 7301, P2
2026/09/21 07:53:49.022, 79, 135.20, 170.00, 7399, 12288, 100, 25, 1800, 7301, P2
2026/09/21 07:53:54.379, 79, 133.59, 170.00, 7399, 12288, 100, 24, 1800, 7301, P2
2026/09/21 07:53:59.729, 79, 132.20, 170.00, 7399, 12288, 100, 24, 1800, 7301, P2
2026/09/21 07:54:05.077, 79, 135.15, 170.00, 7399, 12288, 100, 26, 1800, 7301, P2
2026/09/21 07:54:10.428, 80, 135.46, 170.00, 7399, 12288, 100, 24, 1800, 7301, P2
2026/09/21 07:54:15.774, 79, 132.82, 170.00, 7399, 12288, 100, 25, 1800, 7301, P2
2026/09/21 07:54:21.128, 79, 134.69, 170.00, 7399, 12288, 100, 27, 1800, 7301, P2
2026/09/21 07:54:26.481, 79, 134.99, 170.00, 7399, 12288, 100, 25, 1800, 7301, P2
2026/09/21 07:54:31.838, 79, 133.14, 170.00, 7399, 12288, 100, 25, 1800, 7301, P2
2026/09/21 07:54:37.195, 80, 135.25, 170.00, 7399, 12288, 100, 26, 1800, 7301, P2
2026/09/21 07:54:42.542, 79, 130.59, 170.00, 7399, 12288, 100, 26, 1800, 7301, P2
2026/09/21 07:54:47.895, 79, 131.81, 170.00, 7399, 12288, 100, 25, 1800, 7301, P2
2026/09/21 07:54:53.241, 79, 133.63, 170.00, 7399, 12288, 100, 26, 1800, 7301, P2
2026/09/21 07:54:58.586, 79, 136.27, 170.00, 7399, 12288, 100, 26, 1800, 7301, P2
2026/09/21 07:55:03.943, 79, 134.73, 170.00, 7399, 12288, 100, 25, 1800, 7301, P2
2026/09/21 07:55:09.340, 79, 135.96, 170.00, 7399, 12288, 100, 25, 1800, 7301, P2
2026/09/21 07:55:14.693, 79, 129.77, 170.00, 7399, 12288, 100, 24, 1800, 7301, P2
2026/09/21 07:55:20.044, 79, 128.19, 170.00, 7399, 12288, 100, 25, 1800, 7301, P2
2026/09/21 07:55:25.389, 79, 134.01, 170.00, 7399, 12288, 100, 25, 1800, 7301, P2
2026/09/21 07:55:30.743, 79, 135.92, 170.00, 7399, 12288, 99, 24, 1800, 7301, P2
2026/09/21 07:55:36.104, 78, 130.83, 170.00, 7399, 12288, 100, 28, 1800, 7301, P2
2026/09/21 07:55:41.452, 79, 135.29, 170.00, 7399, 12288, 100, 25, 1800, 7301, P2
2026/09/21 07:55:46.800, 79, 135.59, 170.00, 7399, 12288, 100, 25, 1800, 7301, P2
2026/09/21 07:55:52.151, 79, 136.37, 170.00, 7399, 12288, 100, 24, 1800, 7301, P2
2026/09/21 07:55:57.610, 79, 136.28, 170.00, 7399, 12288, 99, 27, 1800, 7301, P2
2026/09/21 07:56:02.970, 80, 130.31, 170.00, 7399, 12288, 100, 26, 1800, 7301, P2
2026/09/21 07:56:08.339, 79, 137.09, 170.00, 7399, 12288, 100, 27, 1800, 7301, P2
2026/09/21 07:56:13.694, 79, 136.16, 170.00, 7399, 12288, 100, 24, 1800, 7301, P2
2026/09/21 07:56:19.055, 79, 135.25, 170.00, 7399, 12288, 100, 24, 1800, 7301, P2
2026/09/21 07:56:24.407, 78, 130.67, 170.00, 7399, 12288, 100, 26, 1800, 7301, P2
2026/09/21 07:56:29.771, 78, 134.65, 170.00, 7399, 12288, 100, 25, 1800, 7301, P2
2026/09/21 07:56:35.118, 80, 136.05, 170.00, 7399, 12288, 100, 23, 1800, 7301, P2
2026/09/21 07:56:40.473, 80, 137.03, 170.00, 7399, 12288, 100, 25, 1800, 7301, P2
2026/09/21 07:56:45.823, 79, 130.03, 170.00, 7399, 12288, 100, 26, 1800, 7301, P2
2026/09/21 07:56:51.168, 79, 132.51, 170.00, 7399, 12288, 100, 25, 1800, 7301, P2
2026/09/21 07:56:56.519, 79, 136.08, 170.00, 7399, 12288, 100, 27, 1800, 7301, P2
2026/09/21 07:57:01.883, 78, 135.20, 170.00, 7399, 12288, 100, 24, 1800, 7301, P2
2026/09/21 07:57:07.242, 78, 130.44, 170.00, 7399, 12288, 100, 24, 1800, 7301, P2
2026/09/21 07:57:12.592, 79, 135.58, 170.00, 7399, 12288, 100, 25, 1800, 7301, P2
2026/09/21 07:57:17.956, 80, 131.18, 170.00, 7399, 12288, 100, 26, 1800, 7301, P2
2026/09/21 07:57:23.301, 75, 128.74, 170.00, 7399, 12288, 96, 19, 1800, 7301, P2
2026/09/21 07:57:28.669, 77, 133.51, 170.00, 7399, 12288, 61, 15, 1800, 7301, P2
2026/09/21 07:57:34.025, 79, 128.28, 170.00, 7399, 12288, 100, 22, 1800, 7301, P2
2026/09/21 07:57:39.372, 79, 136.51, 170.00, 7399, 12288, 100, 28, 1800, 7301, P2
2026/09/21 07:57:44.724, 80, 133.69, 170.00, 7399, 12288, 100, 26, 1800, 7301, P2
2026/09/21 07:57:50.092, 65, 45.26, 170.00, 145, 12288, 0, 0, 1777, 7301, P2
